{"loadingScreen":true,"bedrockIfyButton":true,"showPositionHUD":false,"FPSHUD":0,"heldItemTooltip":0,"showPaperDoll":false,"showChunkMap":false,"reacharound":false,"reacharoundSneaking":false,"reacharoundIndicator":true,"reacharoundMultiplayer":false,"positionHUDHeight":50,"screenSafeArea":0,"overlayIgnoresSafeArea":false,"cubeMapBackground":false,"bedrockChat":false,"slotHighlight":false,"highLightColor1":-1,"highLightColor2":-9590208,"idleAnimation":1.0,"reacharoundBlockDistance":0.5,"reacharoundPitchAngle":25,"bedrockRecipes":false,"savingOverlay":true,"eatingAnimations":true,"pickupAnimations":true,"expTextStyle":true,"quickArmorSwap":false,"transparentHotBar":false,"biggerIcons":false,"dyingTrees":false,"sneakingShield":true,"oldPanoramaMode":true,"bedrockShading":false,"fireAspectLight":true}