{"common.features.fireAspect":true,"client.features.pickupAnimations":true,"client.features.reacharoundPlacement":true,"client.features.savingOverlay":true,"common.features.recipes":true,"client.features.screenSafeArea":true,"client.features.worldColorNoise":true,"client.core.clientRenderTimer":true,"client.features.slotHighlight":true,"client.features.biggerDraggingItem":true,"client.features.chat":true,"client.features.bedrockShading":true,"client.features.loadingScreens":true,"client.features.heldItemTooltips":true,"client.features.idleHandAnimations":true,"common.features.useAnimations":true,"client.features.eatingAnimations":true,"common.features.worldGeneration":true,"client.core.bedrockIfyButton":true,"client.features.panoramaBackground":true}